,Upper,Lower
ARIMA,2.020754,1.865661
ARIMA-ARCH,2.277645,1.608771