"loglik","aicc"
30774.762817937,-61545.5247122288
