Min,1Q,Median,3Q,Max
-21.75,-0.06514,0.000003249,0.06761,24.35