Type,Estimate,Std. Error,t-value,p-value
a0,0.0000005255,0.0000000072,73.08,<2e-16
a1,0.02037,0.0001232,165.27,<2e-16
b1,0.9812,0.00003577,27431.44,<2e-16